{"name":"ffb90efd-f0c4-43e1-8810-fe9c54d2c8ff","id":"/providers/Microsoft.Flow/flows/ffb90efd-f0c4-43e1-8810-fe9c54d2c8ff","type":"Microsoft.Flow/flows","properties":{"apiId":"/providers/Microsoft.PowerApps/apis/shared_logicflows","displayName":"Email2Webex","definition":{"metadata":{"workflowEntityId":null,"processAdvisorMetadata":null,"flowclientsuspensionreason":"None","flowclientsuspensiontime":null,"flowclientsuspensionreasondetails":null,"creator":{"id":"7f97f9ea-75ce-42e0-9809-d4a0d5d02e91","type":"User","tenantId":"e8bd4b54-d8e4-4672-8c79-58fbb983f0ef"},"provisioningMethod":"FromDefinition","failureAlertSubscription":true,"clientLastModifiedTime":"2022-08-19T05:02:28.2725712Z"},"$schema":"https://schema.management.azure.com/providers/Microsoft.Logic/schemas/2016-06-01/workflowdefinition.json#","contentVersion":"1.0.0.0","parameters":{"$connections":{"defaultValue":{},"type":"Object"},"$authentication":{"defaultValue":{},"type":"SecureObject"}},"triggers":{"Process_Email_from_Mailbox":{"recurrence":{"frequency":"Minute","interval":5},"splitOn":"@triggerOutputs()?['body/value']","metadata":{"operationMetadataId":"87ee7061-9409-4d40-8f6c-fe1376df8a1b"},"type":"OpenApiConnection","inputs":{"host":{"apiId":"/providers/Microsoft.PowerApps/apis/shared_office365","connectionName":"shared_office365","operationId":"SharedMailboxOnNewEmailV2"},"parameters":{"mailboxAddress":"example@mailbox.com","folderId":"Inbox","importance":"Any","hasAttachments":false,"includeAttachments":false},"authentication":"@parameters('$authentication')"}}},"actions":{"Define_Mailbox_Address":{"runAfter":{},"metadata":{"operationMetadataId":"60dbc44d-1b76-4152-91e4-bedfca87ee88"},"type":"Compose","inputs":"example@mailbox.com"},"Gather_To_Names":{"runAfter":{"Define_Mailbox_Address":["Succeeded"]},"metadata":{"operationMetadataId":"1fb567a1-dd18-4e36-a597-68aca7e3adae"},"type":"InitializeVariable","inputs":{"variables":[{"name":"mailTo","type":"string","value":"@triggerOutputs()?['body/toRecipients']"}]}},"Gather_CC_Names":{"runAfter":{"Gather_To_Names":["Succeeded"]},"metadata":{"operationMetadataId":"9525685f-e3de-48f4-8f39-1d62a9044f6e"},"type":"InitializeVariable","inputs":{"variables":[{"name":"mailCC","type":"string","value":"@triggerOutputs()?['body/ccRecipients']"}]}},"Gather_From_Name":{"runAfter":{"Gather_CC_Names":["Succeeded"]},"metadata":{"operationMetadataId":"c686183f-e29d-4b73-96d3-886097ce66c8"},"type":"InitializeVariable","inputs":{"variables":[{"name":"mailFrom","type":"string","value":"@triggerOutputs()?['body/from']"}]}},"Consolidate_Email_Addresses":{"runAfter":{"Gather_From_Name":["Succeeded"]},"metadata":{"operationMetadataId":"ff10ca64-d6f8-4343-863e-bae9b296c4af"},"type":"InitializeVariable","inputs":{"variables":[{"name":"mailArray","type":"array","value":"@split(concat(if(empty(variables('mailTo')),'',concat(variables('mailTo'),';')),if(empty(variables('mailCc')),'',concat(variables('mailCc'),';')),variables('mailFrom')),';')"}]}},"Remove_Duplicates":{"runAfter":{"Consolidate_Email_Addresses":["Succeeded"]},"metadata":{"operationMetadataId":"cc63f15e-33e2-42b6-ab7b-0fed10541878"},"type":"Compose","inputs":"@union(variables('mailArray'),variables('mailArray'))"},"Confirm_Mailbox_is_BCC":{"actions":{"Terminate":{"runAfter":{},"metadata":{"operationMetadataId":"035d7112-efdd-4c80-ad73-2a0512d09db1"},"type":"Terminate","inputs":{"runStatus":"Cancelled"}}},"runAfter":{"Remove_Duplicates":["Succeeded"]},"expression":{"contains":["@outputs('Remove_Duplicates')","@outputs('Define_Mailbox_Address')"]},"metadata":{"operationMetadataId":"52ce1ade-2723-4e37-ab6b-c1ed18a17d13"},"type":"If"},"Add_Participants_to_Room":{"foreach":"@outputs('Remove_Duplicates')","actions":{"Create_a_Membership":{"runAfter":{},"metadata":{"operationMetadataId":"3607f38c-7ade-4dfc-8423-9b6e8f84c45e"},"type":"OpenApiConnection","inputs":{"host":{"apiId":"/providers/Microsoft.PowerApps/apis/shared_webex-20custom-5f4316a969620f8561-5fdac2b02587d5f571","connectionName":"shared_webex-20custom-5f4316a969620f8561-5fdac2b02587d5f571","operationId":"PostMembership"},"parameters":{"body/roomId":"@outputs('Create_a_Room')?['body/id']","body/personEmail":"@items('Add_Participants_to_Room')","body/isModerator":false},"authentication":"@parameters('$authentication')"}}},"runAfter":{"Create_a_Room":["Succeeded"]},"metadata":{"operationMetadataId":"49261161-5fc9-4424-9c63-440125ecc173"},"type":"Foreach"},"Define_Message":{"runAfter":{"Add_Participants_to_Room":["Succeeded"]},"metadata":{"operationMetadataId":"c9dd806c-0e6e-4d4b-8a19-c842c3db6b82"},"type":"Compose","inputs":"@concat('This space was created by ', variables('mailFrom'), ' to continue the discussion from the email thread using Webex!')"},"Get_My_Own_Details":{"runAfter":{"Confirm_Mailbox_is_BCC":["Succeeded"]},"metadata":{"operationMetadataId":"3f06d207-6027-49ab-bb0f-59796167df14"},"type":"OpenApiConnection","inputs":{"host":{"apiId":"/providers/Microsoft.PowerApps/apis/shared_webex-20custom-5f4316a969620f8561-5fdac2b02587d5f571","connectionName":"shared_webex-20custom-5f4316a969620f8561-5fdac2b02587d5f571","operationId":"GetMyOwnDetails"},"parameters":{},"authentication":"@parameters('$authentication')"}},"Create_a_Room":{"runAfter":{"Get_My_Own_Details":["Succeeded"]},"metadata":{"operationMetadataId":"4d398154-bec4-4665-b0a5-9e66f0fe8b89"},"type":"OpenApiConnection","inputs":{"host":{"apiId":"/providers/Microsoft.PowerApps/apis/shared_webex-20custom-5f4316a969620f8561-5fdac2b02587d5f571","connectionName":"shared_webex-20custom-5f4316a969620f8561-5fdac2b02587d5f571","operationId":"PostRoom"},"parameters":{"body/title":"@triggerOutputs()?['body/subject']","body/isLocked":false,"body/isAnnouncementOnly":false},"authentication":"@parameters('$authentication')"}},"Create_a_Message":{"runAfter":{"Define_Message":["Succeeded"]},"metadata":{"operationMetadataId":"cf75cf16-149c-407b-9600-e2daea5f9475"},"type":"OpenApiConnection","inputs":{"host":{"apiId":"/providers/Microsoft.PowerApps/apis/shared_webex-20custom-5f4316a969620f8561-5fdac2b02587d5f571","connectionName":"shared_webex-20custom-5f4316a969620f8561-5fdac2b02587d5f571","operationId":"PostMessage"},"parameters":{"body/roomId":"@outputs('Create_a_Room')?['body/id']","body/markdown":"@outputs('Define_Message')"},"authentication":"@parameters('$authentication')"}},"Find_Bot_Membership":{"runAfter":{"Create_a_Message":["Succeeded"]},"metadata":{"operationMetadataId":"1b8e144b-2afa-4e5c-ab7b-6be7eb664fba"},"type":"OpenApiConnection","inputs":{"host":{"apiId":"/providers/Microsoft.PowerApps/apis/shared_webex-20custom-5f4316a969620f8561-5fdac2b02587d5f571","connectionName":"shared_webex-20custom-5f4316a969620f8561-5fdac2b02587d5f571","operationId":"GetMemberships"},"parameters":{"roomId":"@outputs('Create_a_Room')?['body/id']","personId":"@outputs('Get_My_Own_Details')?['body/id']","max":100},"authentication":"@parameters('$authentication')"}},"Remove_Bot_from_Room":{"foreach":"@outputs('Find_Bot_Membership')?['body/items']","actions":{"Delete_a_Membership":{"runAfter":{},"metadata":{"operationMetadataId":"72b8a402-9fd6-4045-a651-4826bb5998f2"},"type":"OpenApiConnection","inputs":{"host":{"apiId":"/providers/Microsoft.PowerApps/apis/shared_webex-20custom-5f4316a969620f8561-5fdac2b02587d5f571","connectionName":"shared_webex-20custom-5f4316a969620f8561-5fdac2b02587d5f571","operationId":"DeleteMembership"},"parameters":{"membershipId":"@items('Remove_Bot_from_Room')?['id']"},"authentication":"@parameters('$authentication')"}}},"runAfter":{"Find_Bot_Membership":["Succeeded"]},"metadata":{"operationMetadataId":"a83bcd5b-7be7-4876-88a0-490dc98e5a23"},"type":"Foreach"},"Delete_Email":{"runAfter":{"Remove_Bot_from_Room":["Succeeded"]},"metadata":{"operationMetadataId":"feda08c0-334a-446b-a3a0-455f13c35353"},"type":"OpenApiConnection","inputs":{"host":{"apiId":"/providers/Microsoft.PowerApps/apis/shared_office365","connectionName":"shared_office365","operationId":"DeleteEmail_V2"},"parameters":{"messageId":"@triggerOutputs()?['body/id']","mailboxAddress":"example@mailbox.com"},"authentication":"@parameters('$authentication')"}}}},"connectionReferences":{"shared_webex-20custom-5f4316a969620f8561-5fdac2b02587d5f571":{"connectionName":"a35f9064b4564978a015beda0bfdda5d","source":"Embedded","id":"/providers/Microsoft.PowerApps/apis/shared_webex-20custom-5f4316a969620f8561-5fdac2b02587d5f571","tier":"NotSpecified"},"shared_office365":{"connectionName":"43fd1e69f35a4604a905ac04ef804197","source":"Embedded","id":"/providers/Microsoft.PowerApps/apis/shared_office365","tier":"NotSpecified"}},"flowFailureAlertSubscribed":false,"isManaged":false}}