{"name":"443d3abc-1596-4e6f-99c8-ff30e33b88d5","id":"/providers/Microsoft.Flow/flows/443d3abc-1596-4e6f-99c8-ff30e33b88d5","type":"Microsoft.Flow/flows","properties":{"apiId":"/providers/Microsoft.PowerApps/apis/shared_logicflows","displayName":"Message2Webex","definition":{"metadata":{"workflowEntityId":null,"processAdvisorMetadata":null,"flowclientsuspensionreason":"None","flowclientsuspensiontime":null,"flowclientsuspensionreasondetails":null,"creator":{"id":"7f97f9ea-75ce-42e0-9809-d4a0d5d02e91","type":"User","tenantId":"e8bd4b54-d8e4-4672-8c79-58fbb983f0ef"},"provisioningMethod":"FromDefinition","failureAlertSubscription":true,"clientLastModifiedTime":"2022-08-31T08:35:29.8880545Z"},"$schema":"https://schema.management.azure.com/providers/Microsoft.Logic/schemas/2016-06-01/workflowdefinition.json#","contentVersion":"1.0.0.0","parameters":{"$connections":{"defaultValue":{},"type":"Object"},"$authentication":{"defaultValue":{},"type":"SecureObject"}},"triggers":{"Process_Email_from_Mailbox":{"recurrence":{"frequency":"Minute","interval":5},"splitOn":"@triggerOutputs()?['body/value']","metadata":{"operationMetadataId":"87ee7061-9409-4d40-8f6c-fe1376df8a1b"},"type":"OpenApiConnection","inputs":{"host":{"apiId":"/providers/Microsoft.PowerApps/apis/shared_office365","connectionName":"shared_office365","operationId":"SharedMailboxOnNewEmailV2"},"parameters":{"mailboxAddress":"example@mailbox.com","folderId":"Inbox","importance":"Any","hasAttachments":false,"includeAttachments":false},"authentication":"@parameters('$authentication')"}}},"actions":{"Create_a_Message":{"runAfter":{"Format_Message":["Succeeded"]},"metadata":{"operationMetadataId":"cf75cf16-149c-407b-9600-e2daea5f9475"},"type":"OpenApiConnection","inputs":{"host":{"apiId":"/providers/Microsoft.PowerApps/apis/shared_webex-20custom-5f4316a969620f8561-5fdac2b02587d5f571","connectionName":"shared_webex-20custom-5f4316a969620f8561-5fdac2b02587d5f571","operationId":"PostMessage"},"parameters":{"body/roomId":"@outputs('Define_RoomId')","body/markdown":"@outputs('Format_Message')"},"authentication":"@parameters('$authentication')"}},"Delete_Email":{"runAfter":{"Create_a_Message":["Succeeded"]},"metadata":{"operationMetadataId":"feda08c0-334a-446b-a3a0-455f13c35353"},"type":"OpenApiConnection","inputs":{"host":{"apiId":"/providers/Microsoft.PowerApps/apis/shared_office365","connectionName":"shared_office365","operationId":"DeleteEmail_V2"},"parameters":{"messageId":"@triggerOutputs()?['body/id']"},"authentication":"@parameters('$authentication')"}},"Define_RoomId":{"runAfter":{},"metadata":{"operationMetadataId":"fc2336cb-72a9-41d4-a0eb-16e4bbe6a62f"},"type":"Compose","inputs":"enter-the-destination-roomId-here"},"Convert_Email_Body":{"runAfter":{"Define_RoomId":["Succeeded"]},"metadata":{"operationMetadataId":"5c2db3fc-5823-4012-9579-964a8c58a494"},"type":"OpenApiConnection","inputs":{"host":{"apiId":"/providers/Microsoft.PowerApps/apis/shared_conversionservice","connectionName":"shared_conversionservice","operationId":"HtmlToText"},"parameters":{"Content":"<p>@{triggerOutputs()?['body/body']}</p>"},"authentication":"@parameters('$authentication')"}},"Format_Message":{"runAfter":{"Convert_Email_Body":["Succeeded"]},"metadata":{"operationMetadataId":"841d83a9-cf89-47ae-8505-d407918b4528"},"type":"Compose","inputs":"@concat('From: ', triggerOutputs()?['body/from'], decodeUriComponent('%0A'), '## ', triggerOutputs()?['body/subject'], decodeUriComponent('%0A'), replace(outputs('Convert_Email_Body')?['body'], decodeUriComponent('%0A%0A'), decodeUriComponent('%20%20%0A')))"}},"description":"Message2Webex is a Power Automate Flow that converts received Email messages and posts them into a Webex Space."},"connectionReferences":{"shared_webex-20custom-5f4316a969620f8561-5fdac2b02587d5f571":{"connectionName":"8080f200f9f3449cbe54035a4390cbb7","source":"Embedded","id":"/providers/Microsoft.PowerApps/apis/shared_webex-20custom-5f4316a969620f8561-5fdac2b02587d5f571","tier":"NotSpecified"},"shared_office365":{"connectionName":"43fd1e69f35a4604a905ac04ef804197","source":"Embedded","id":"/providers/Microsoft.PowerApps/apis/shared_office365","tier":"NotSpecified"},"shared_conversionservice":{"connectionName":"shared-conversionser-50044371-bd50-4f17-a24d-e2f85ce5ebf1","source":"Embedded","id":"/providers/Microsoft.PowerApps/apis/shared_conversionservice","tier":"NotSpecified"}},"flowFailureAlertSubscribed":false,"isManaged":false}}