{"name":"92c4e722-0eca-4405-b354-b06c4fa4a545","id":"/providers/Microsoft.Flow/flows/92c4e722-0eca-4405-b354-b06c4fa4a545","type":"Microsoft.Flow/flows","properties":{"apiId":"/providers/Microsoft.PowerApps/apis/shared_logicflows","displayName":"Recurring Sync of Azure Groups to Webex","definition":{"metadata":{"workflowEntityId":null,"processAdvisorMetadata":null,"flowclientsuspensionreason":"None","flowclientsuspensiontime":null,"flowclientsuspensionreasondetails":null,"creator":{"id":"7f97f9ea-75ce-42e0-9809-d4a0d5d02e91","type":"User","tenantId":"e8bd4b54-d8e4-4672-8c79-58fbb983f0ef"},"provisioningMethod":"FromDefinition","failureAlertSubscription":true,"clientLastModifiedTime":"2022-09-09T04:09:37.733617Z"},"$schema":"https://schema.management.azure.com/providers/Microsoft.Logic/schemas/2016-06-01/workflowdefinition.json#","contentVersion":"1.0.0.0","parameters":{"$connections":{"defaultValue":{},"type":"Object"},"$authentication":{"defaultValue":{},"type":"SecureObject"}},"triggers":{"Recurrence":{"recurrence":{"frequency":"Minute","interval":30},"metadata":{"operationMetadataId":"86ee6a34-b9d7-4e81-80c4-9a8ef3390721"},"type":"Recurrence"}},"actions":{"Define_Groups_for_Processing":{"runAfter":{},"metadata":{"operationMetadataId":"10691587-24a2-4e6d-9b74-eb0a65acd945"},"type":"InitializeVariable","inputs":{"variables":[{"name":"groupListing","type":"array","value":[{"name":"Reference Identifier for Group 1","groupId":"azure-group-id-1","roomId":"webex-room-id-1"},{"name":"Reference Identifier for Group 2","groupId":"azure-group-id-2","roomId":"webex-room-id-2"}]}]},"description":"Define an Object for each \"Azure to Webex\" Group for Processing. Name is only for Reference"},"Process_Each_Group_Sequentially":{"foreach":"@variables('groupListing')","actions":{"Select_Azure_Group_Id":{"runAfter":{},"metadata":{"operationMetadataId":"0c841272-871a-41a0-b212-3fb69808cea1"},"type":"Compose","inputs":"@items('Process_Each_Group_Sequentially')?['groupId']"},"Select_Webex_Room_Id":{"runAfter":{"Select_Azure_Group_Id":["Succeeded"]},"metadata":{"operationMetadataId":"3f6dfb06-641d-4023-aa8a-09e89807392b"},"type":"Compose","inputs":"@items('Process_Each_Group_Sequentially')?['roomId']"},"Get_Azure_Group_Members":{"runAfter":{"Select_Webex_Room_Id":["Succeeded"]},"metadata":{"operationMetadataId":"9e128e95-6a72-477a-ac10-b1723f7e8fd5"},"type":"OpenApiConnection","inputs":{"host":{"apiId":"/providers/Microsoft.PowerApps/apis/shared_azuread","connectionName":"shared_azuread","operationId":"GetGroupMembers"},"parameters":{"id":"@outputs('Select_Azure_Group_Id')"},"authentication":"@parameters('$authentication')"}},"Map_Azure_Email_Addresses":{"runAfter":{"Get_Azure_Group_Members":["Succeeded"]},"metadata":{"operationMetadataId":"8359ea60-b477-42e6-ae0b-8a7de281aa16"},"type":"Select","inputs":{"from":"@outputs('Get_Azure_Group_Members')?['body/value']","select":"@item()?['mail']"}},"Reset_Webex_Membership_Array":{"runAfter":{"Map_Azure_Email_Addresses":["Succeeded"]},"metadata":{"operationMetadataId":"9c681973-d103-44fb-b56b-ab37645a4067"},"type":"SetVariable","inputs":{"name":"webexMemberships","value":"@null"}},"Reset_Webex_Pagination_Index":{"runAfter":{"Reset_Webex_Membership_Array":["Succeeded"]},"metadata":{"operationMetadataId":"2107bc76-6603-449c-8c11-922992708856"},"type":"SetVariable","inputs":{"name":"webexCursor","value":"@{null}"}},"Process_Webex_Space_Members":{"actions":{"Get_Webex_Space_Members":{"runAfter":{},"metadata":{"operationMetadataId":"41061c92-3b6f-4080-b402-42e27b7953f7"},"type":"OpenApiConnection","inputs":{"host":{"apiId":"/providers/Microsoft.PowerApps/apis/shared_webex-20custom-5f4316a969620f8561-5fdac2b02587d5f571","connectionName":"shared_webex-20custom-5f4316a969620f8561-5fdac2b02587d5f571","operationId":"GetMemberships"},"parameters":{"roomId":"@outputs('Select_Webex_Room_Id')","max":1000,"cursor":"@variables('webexCursor')"},"authentication":"@parameters('$authentication')"}},"Map_Webex_Email_Addresses":{"runAfter":{"Get_Webex_Space_Members":["Succeeded"]},"metadata":{"operationMetadataId":"21d8ad7d-433a-4857-8f73-4bf97d2251cc"},"type":"Select","inputs":{"from":"@outputs('Get_Webex_Space_Members')?['body/items']","select":"@item()?['personEmail']"}},"Merge_Membership_Array":{"runAfter":{"Map_Webex_Email_Addresses":["Succeeded"]},"metadata":{"operationMetadataId":"a91fb637-55c1-40ad-ad79-3e8a651b8ba7"},"type":"Compose","inputs":"@union(variables('webexMemberships'),body('Map_Webex_Email_Addresses'))"},"Update_Membership_Variable":{"runAfter":{"Merge_Membership_Array":["Succeeded"]},"metadata":{"operationMetadataId":"7176a6e2-8290-4e71-a48d-1ada00a1473d"},"type":"SetVariable","inputs":{"name":"webexMemberships","value":"@outputs('Merge_Membership_Array')"}},"Update_Webex_Pagination_Index":{"runAfter":{"Update_Membership_Variable":["Succeeded"]},"metadata":{"operationMetadataId":"007f2027-9440-4a56-ba84-cf9deb6952d6"},"type":"SetVariable","inputs":{"name":"webexCursor","value":"@{if(not(empty(outputs('Get_Webex_Space_Members')?['headers/link'])),substring(outputs('Get_Webex_Space_Members')?['headers/link'], add(indexOf(outputs('Get_Webex_Space_Members')?['headers/link'], 'cursor='), 7), sub(indexOf(outputs('Get_Webex_Space_Members')?['headers/link'], '>; rel=\"next\"'), add(indexOf(outputs('Get_Webex_Space_Members')?['headers/link'], 'cursor='), 7))),'')}"}}},"runAfter":{"Reset_Webex_Pagination_Index":["Succeeded"]},"expression":"@equals(variables('webexCursor'), '')","limit":{"count":60,"timeout":"PT1H"},"metadata":{"operationMetadataId":"76d17d82-06ba-41a9-a84b-1e9e7115d231"},"type":"Until"},"Final_Membership_Array":{"runAfter":{"Process_Webex_Space_Members":["Succeeded"]},"metadata":{"operationMetadataId":"fa1b3d56-bbc3-41e8-a155-98f6bd555ee9"},"type":"Compose","inputs":"@variables('webexMemberships')"},"Process_Azure_Group_Members":{"foreach":"@body('Map_Azure_Email_Addresses')","actions":{"Is_Azure_Member_missing_from_Webex":{"actions":{"Add_Member_to_Webex_Group":{"runAfter":{},"metadata":{"operationMetadataId":"f364f6d7-5856-4375-80fd-21f722446faf"},"type":"OpenApiConnection","inputs":{"host":{"apiId":"/providers/Microsoft.PowerApps/apis/shared_webex-20custom-5f4316a969620f8561-5fdac2b02587d5f571","connectionName":"shared_webex-20custom-5f4316a969620f8561-5fdac2b02587d5f571","operationId":"PostMembership"},"parameters":{"body/roomId":"@outputs('Select_Webex_Room_Id')","body/personEmail":"@items('Process_Azure_Group_Members')","body/isModerator":false},"authentication":"@parameters('$authentication')"}}},"runAfter":{},"expression":{"not":{"contains":["@outputs('Final_Membership_Array')","@items('Process_Azure_Group_Members')"]}},"metadata":{"operationMetadataId":"140a7d8b-bbb8-442b-ad8e-8d896be0478a"},"type":"If"}},"runAfter":{"Final_Membership_Array":["Succeeded"]},"metadata":{"operationMetadataId":"6bc459c7-c2a9-414e-8efb-0edb15028a56"},"type":"Foreach","runtimeConfiguration":{"concurrency":{"repetitions":20}}},"Process_Webex_Group_Members":{"foreach":"@outputs('Final_Membership_Array')","actions":{"Is_Webex_Member_missing_from_Azure_and_not_Excluded_or_Bot":{"actions":{"Get_Webex_Membership_Id":{"runAfter":{},"metadata":{"operationMetadataId":"33e3e73d-146c-4d78-ac09-61552741e220"},"type":"OpenApiConnection","inputs":{"host":{"apiId":"/providers/Microsoft.PowerApps/apis/shared_webex-20custom-5f4316a969620f8561-5fdac2b02587d5f571","connectionName":"shared_webex-20custom-5f4316a969620f8561-5fdac2b02587d5f571","operationId":"GetMemberships"},"parameters":{"roomId":"@outputs('Select_Webex_Room_Id')","personEmail":"@items('Process_Webex_Group_Members')","max":1},"authentication":"@parameters('$authentication')"}},"Remove_Member_from_Webex_Space":{"foreach":"@outputs('Get_Webex_Membership_Id')?['body/items']","actions":{"Delete_Webex_Membership":{"runAfter":{},"metadata":{"operationMetadataId":"b5924c0c-8794-47fe-b5bd-3b62ce0a41d0"},"type":"OpenApiConnection","inputs":{"host":{"apiId":"/providers/Microsoft.PowerApps/apis/shared_webex-20custom-5f4316a969620f8561-5fdac2b02587d5f571","connectionName":"shared_webex-20custom-5f4316a969620f8561-5fdac2b02587d5f571","operationId":"DeleteMembership"},"parameters":{"membershipId":"@items('Remove_Member_from_Webex_Space')?['id']"},"authentication":"@parameters('$authentication')"}}},"runAfter":{"Get_Webex_Membership_Id":["Succeeded"]},"metadata":{"operationMetadataId":"970a94fe-3941-4c62-9acc-98616eb099ef"},"type":"Foreach"}},"runAfter":{},"expression":{"and":[{"not":{"contains":["@body('Map_Azure_Email_Addresses')","@items('Process_Webex_Group_Members')"]}},{"not":{"contains":["@variables('excludedUsers')","@items('Process_Webex_Group_Members')"]}},{"not":{"contains":["@outputs('Get_Webex_Bot_Details')?['body/emails']","@items('Process_Webex_Group_Members')"]}}]},"metadata":{"operationMetadataId":"ad369398-4133-49e7-88cc-ad8e4bbf8429"},"type":"If"}},"runAfter":{"Process_Azure_Group_Members":["Succeeded","Failed"]},"metadata":{"operationMetadataId":"a9ce9a86-e8d3-4bfc-bc8a-7c9b5e460632"},"type":"Foreach","runtimeConfiguration":{"concurrency":{"repetitions":20}}}},"runAfter":{"Initialize_Webex_Pagination_Index":["Succeeded"]},"metadata":{"operationMetadataId":"ff91e4d5-e9ff-47de-8945-84819c6f912c"},"type":"Foreach","description":"DO NOT ENABLE CONCURRENCY"},"Define_Excluded_Users":{"runAfter":{"Define_Groups_for_Processing":["Succeeded"]},"metadata":{"operationMetadataId":"4e705474-108a-4695-bb80-ffd204c44cbb"},"type":"InitializeVariable","inputs":{"variables":[{"name":"excludedUsers","type":"array","value":["dont.remove.me@example.com","please.keep.me@example.com"]}]},"description":"Users in this Array will not be removed from Webex Spaces."},"Initialize_Webex_Membership_Array":{"runAfter":{"Get_Webex_Bot_Details":["Succeeded"]},"metadata":{"operationMetadataId":"0fa19f00-7365-4128-8dce-75937e0c26af"},"type":"InitializeVariable","inputs":{"variables":[{"name":"webexMemberships","type":"array"}]}},"Initialize_Webex_Pagination_Index":{"runAfter":{"Initialize_Webex_Membership_Array":["Succeeded"]},"metadata":{"operationMetadataId":"e5966c5b-bc9b-4be2-8b72-9b5ebb485442"},"type":"InitializeVariable","inputs":{"variables":[{"name":"webexCursor","type":"string"}]}},"Get_Webex_Bot_Details":{"runAfter":{"Define_Excluded_Users":["Succeeded"]},"metadata":{"operationMetadataId":"dcfe0812-a9f3-4d73-974c-ba14eb42a638"},"type":"OpenApiConnection","inputs":{"host":{"apiId":"/providers/Microsoft.PowerApps/apis/shared_webex-20custom-5f4316a969620f8561-5fdac2b02587d5f571","connectionName":"shared_webex-20custom-5f4316a969620f8561-5fdac2b02587d5f571","operationId":"GetMyOwnDetails"},"parameters":{},"authentication":"@parameters('$authentication')"}}},"outputs":{},"description":"This Power Automate flow allows you to synchronize members of selected Azure Groups with a matching Webex Space."},"connectionReferences":{"shared_azuread":{"connectionName":"shared-azuread-bd6e3604-9890-43be-bdfd-4073203610c7","source":"Embedded","id":"/providers/Microsoft.PowerApps/apis/shared_azuread","tier":"NotSpecified"},"shared_webex-20custom-5f4316a969620f8561-5fdac2b02587d5f571":{"connectionName":"8080f200f9f3449cbe54035a4390cbb7","source":"Embedded","id":"/providers/Microsoft.PowerApps/apis/shared_webex-20custom-5f4316a969620f8561-5fdac2b02587d5f571","tier":"NotSpecified"}},"flowFailureAlertSubscribed":false,"isManaged":false}}